{"cameraMode":{"drawMode":0,"name":"Shaded","section":"Shading Mode"},"sceneLighting":false,"audioPlay":false,"sceneViewState":{"showFog":true,"showMaterialUpdate":false,"showSkybox":false,"showFlares":true,"showImageEffects":true,"showParticleSystems":true},"in2DMode":false,"pivot":{"x":0.01900005340576172,"y":-1.431544303894043,"z":8.78762149810791},"rotation":{"x":-0.6335301995277405,"y":0.07781919091939926,"z":-0.0642680898308754,"w":-0.7671184539794922},"size":13.0866060256958,"orthographic":false}