{"cameraMode":{"drawMode":0,"name":"Shaded","section":"Shading Mode"},"sceneLighting":false,"audioPlay":false,"sceneViewState":{"showFog":true,"showMaterialUpdate":false,"showSkybox":false,"showFlares":true,"showImageEffects":true,"showParticleSystems":true},"in2DMode":false,"pivot":{"x":2.950246810913086,"y":-23.621307373046876,"z":10.852630615234375},"rotation":{"x":-0.5888181328773499,"y":-0.035857509821653369,"z":0.026163194328546525,"w":-0.8070532083511353},"size":30.23073959350586,"orthographic":false}