{"cameraMode":{"drawMode":0,"name":"Shaded","section":"Shading Mode"},"sceneLighting":false,"audioPlay":false,"sceneViewState":{"showFog":true,"showMaterialUpdate":false,"showSkybox":false,"showFlares":true,"showImageEffects":true,"showParticleSystems":true},"in2DMode":false,"pivot":{"x":0.6882450580596924,"y":-6.682720184326172,"z":88.80037689208985},"rotation":{"x":-0.6335301995277405,"y":0.07781919091939926,"z":-0.0642680898308754,"w":-0.7671184539794922},"size":13.419082641601563,"orthographic":false}