{"cameraMode":{"drawMode":0,"name":"Shaded","section":"Shading Mode"},"sceneLighting":false,"audioPlay":false,"sceneViewState":{"showFog":true,"showMaterialUpdate":false,"showSkybox":false,"showFlares":true,"showImageEffects":true,"showParticleSystems":true},"in2DMode":false,"pivot":{"x":0.0,"y":-2.740000009536743,"z":63.698001861572269},"rotation":{"x":-0.554133415222168,"y":0.04539704695343971,"z":-0.030284257605671884,"w":-0.8306469321250916},"size":2.6681692600250246,"orthographic":false}