{"cameraMode":{"drawMode":0,"name":"Shaded","section":"Shading Mode"},"sceneLighting":false,"audioPlay":false,"sceneViewState":{"showFog":true,"showMaterialUpdate":false,"showSkybox":true,"showFlares":true,"showImageEffects":true,"showParticleSystems":true},"in2DMode":false,"pivot":{"x":-0.07613968849182129,"y":-0.37127685546875,"z":109.27301788330078},"rotation":{"x":-0.16159026324748994,"y":0.010952727869153023,"z":-0.0017878093058243394,"w":-0.9868035912513733},"size":6.137124538421631,"orthographic":false}