{"cameraMode":{"drawMode":0,"name":"Shaded","section":"Shading Mode"},"sceneLighting":false,"audioPlay":false,"sceneViewState":{"showFog":true,"showMaterialUpdate":false,"showSkybox":false,"showFlares":true,"showImageEffects":true,"showParticleSystems":true},"in2DMode":false,"pivot":{"x":0.01900005340576172,"y":-1.431544303894043,"z":83.51762390136719},"rotation":{"x":-0.6729085445404053,"y":0.014863853342831135,"z":-0.013525804504752159,"w":-0.7394639849662781},"size":13.086601257324219,"orthographic":false}